ID,medicamento,cantidad,largo,ancho
7,Alergina,12,95.0,52.0
1,Contex Novo,16,9.981360650274414,5.258165959889909
3,Azimut,6,9.846772139241821,5.222287806401128
10,Contex IBL Novo,14,10.157358986696117,5.1444224570020864
3,Azimut,6,9.885536192394481,5.110871056191903
